areaType,areaName,areaCode,date,newCasesBySpecimenDate,cumCasesBySpecimenDate
overview,United Kingdom,K02000001,2021-06-29,23809,4820595
overview,United Kingdom,K02000001,2021-06-28,27178,4796786
overview,United Kingdom,K02000001,2021-06-27,18103,4769608
overview,United Kingdom,K02000001,2021-06-26,15910,4751505
overview,United Kingdom,K02000001,2021-06-25,17738,4735595
overview,United Kingdom,K02000001,2021-06-24,18260,4717857
overview,United Kingdom,K02000001,2021-06-23,17893,4699597
overview,United Kingdom,K02000001,2021-06-22,16997,4681704
overview,United Kingdom,K02000001,2021-06-21,15956,4664707
overview,United Kingdom,K02000001,2021-06-20,9874,4648751
overview,United Kingdom,K02000001,2021-06-19,8257,4638877
overview,United Kingdom,K02000001,2021-06-18,10058,4630620
overview,United Kingdom,K02000001,2021-06-17,10772,4620562
overview,United Kingdom,K02000001,2021-06-16,10786,4609790
overview,United Kingdom,K02000001,2021-06-15,10505,4599004
overview,United Kingdom,K02000001,2021-06-14,10114,4588499
overview,United Kingdom,K02000001,2021-06-13,6949,4578385
overview,United Kingdom,K02000001,2021-06-12,6114,4571436
overview,United Kingdom,K02000001,2021-06-11,7448,4565322
overview,United Kingdom,K02000001,2021-06-10,7843,4557874
overview,United Kingdom,K02000001,2021-06-09,7986,4550031
overview,United Kingdom,K02000001,2021-06-08,7670,4542045
overview,United Kingdom,K02000001,2021-06-07,7723,4534375
overview,United Kingdom,K02000001,2021-06-06,5401,4526652
overview,United Kingdom,K02000001,2021-06-05,4619,4521251
overview,United Kingdom,K02000001,2021-06-04,5714,4516632
overview,United Kingdom,K02000001,2021-06-03,6095,4510918
overview,United Kingdom,K02000001,2021-06-02,6053,4504823
overview,United Kingdom,K02000001,2021-06-01,5245,4498770
overview,United Kingdom,K02000001,2021-05-31,3802,4493525
overview,United Kingdom,K02000001,2021-05-30,3099,4489723
overview,United Kingdom,K02000001,2021-05-29,2933,4486624
overview,United Kingdom,K02000001,2021-05-28,3488,4483691
overview,United Kingdom,K02000001,2021-05-27,3637,4480203
overview,United Kingdom,K02000001,2021-05-26,3800,4476566
overview,United Kingdom,K02000001,2021-05-25,3296,4472766
overview,United Kingdom,K02000001,2021-05-24,3232,4469470
overview,United Kingdom,K02000001,2021-05-23,2239,4466238
overview,United Kingdom,K02000001,2021-05-22,1932,4463999
overview,United Kingdom,K02000001,2021-05-21,2290,4462067
overview,United Kingdom,K02000001,2021-05-20,2427,4459777
overview,United Kingdom,K02000001,2021-05-19,2711,4457350
overview,United Kingdom,K02000001,2021-05-18,2706,4454639
overview,United Kingdom,K02000001,2021-05-17,2761,4451933
overview,United Kingdom,K02000001,2021-05-16,1853,4449172
overview,United Kingdom,K02000001,2021-05-15,1580,4447319
overview,United Kingdom,K02000001,2021-05-14,1850,4445739
overview,United Kingdom,K02000001,2021-05-13,2090,4443889
overview,United Kingdom,K02000001,2021-05-12,2228,4441799
overview,United Kingdom,K02000001,2021-05-11,2200,4439571
overview,United Kingdom,K02000001,2021-05-10,2648,4437371
overview,United Kingdom,K02000001,2021-05-09,2168,4434723
overview,United Kingdom,K02000001,2021-05-08,1511,4432555
overview,United Kingdom,K02000001,2021-05-07,1864,4431044
overview,United Kingdom,K02000001,2021-05-06,2158,4429180
overview,United Kingdom,K02000001,2021-05-05,2391,4427022
overview,United Kingdom,K02000001,2021-05-04,2401,4424631
overview,United Kingdom,K02000001,2021-05-03,1973,4422230
overview,United Kingdom,K02000001,2021-05-02,1423,4420257
overview,United Kingdom,K02000001,2021-05-01,1354,4418834
overview,United Kingdom,K02000001,2021-04-30,1700,4417480
overview,United Kingdom,K02000001,2021-04-29,2084,4415780
overview,United Kingdom,K02000001,2021-04-28,2364,4413696
overview,United Kingdom,K02000001,2021-04-27,2060,4411332
overview,United Kingdom,K02000001,2021-04-26,2438,4409272
overview,United Kingdom,K02000001,2021-04-25,1993,4406834
overview,United Kingdom,K02000001,2021-04-24,1463,4404841
overview,United Kingdom,K02000001,2021-04-23,1888,4403378
overview,United Kingdom,K02000001,2021-04-22,2247,4401490
overview,United Kingdom,K02000001,2021-04-21,2537,4399243
overview,United Kingdom,K02000001,2021-04-20,2365,4396706
overview,United Kingdom,K02000001,2021-04-19,2596,4394341
overview,United Kingdom,K02000001,2021-04-18,2434,4391745
overview,United Kingdom,K02000001,2021-04-17,1637,4389311
overview,United Kingdom,K02000001,2021-04-16,2190,4387674
overview,United Kingdom,K02000001,2021-04-15,2186,4385484
overview,United Kingdom,K02000001,2021-04-14,2396,4383298
overview,United Kingdom,K02000001,2021-04-13,2331,4380902
overview,United Kingdom,K02000001,2021-04-12,2706,4378571
overview,United Kingdom,K02000001,2021-04-11,2251,4375865
overview,United Kingdom,K02000001,2021-04-10,2260,4373614
overview,United Kingdom,K02000001,2021-04-09,2781,4371354
overview,United Kingdom,K02000001,2021-04-08,2981,4368573
overview,United Kingdom,K02000001,2021-04-07,3078,4365592
overview,United Kingdom,K02000001,2021-04-06,3116,4362514
overview,United Kingdom,K02000001,2021-04-05,2614,4359398
overview,United Kingdom,K02000001,2021-04-04,2293,4356784
overview,United Kingdom,K02000001,2021-04-03,2406,4354491
overview,United Kingdom,K02000001,2021-04-02,2622,4352085
overview,United Kingdom,K02000001,2021-04-01,3468,4349463
overview,United Kingdom,K02000001,2021-03-31,3764,4345995
overview,United Kingdom,K02000001,2021-03-30,3595,4342231
overview,United Kingdom,K02000001,2021-03-29,3980,4338636
overview,United Kingdom,K02000001,2021-03-28,4649,4334656
overview,United Kingdom,K02000001,2021-03-27,3537,4330007
overview,United Kingdom,K02000001,2021-03-26,4389,4326470
overview,United Kingdom,K02000001,2021-03-25,5394,4322081
overview,United Kingdom,K02000001,2021-03-24,6004,4316687
overview,United Kingdom,K02000001,2021-03-23,5253,4310683
overview,United Kingdom,K02000001,2021-03-22,6199,4305430
overview,United Kingdom,K02000001,2021-03-21,5233,4299231
overview,United Kingdom,K02000001,2021-03-20,4099,4293998
overview,United Kingdom,K02000001,2021-03-19,4995,4289899
overview,United Kingdom,K02000001,2021-03-18,5474,4284904
overview,United Kingdom,K02000001,2021-03-17,5776,4279430
overview,United Kingdom,K02000001,2021-03-16,5672,4273654
overview,United Kingdom,K02000001,2021-03-15,6502,4267982
overview,United Kingdom,K02000001,2021-03-14,4301,4261480
overview,United Kingdom,K02000001,2021-03-13,4240,4257179
overview,United Kingdom,K02000001,2021-03-12,5586,4252939
overview,United Kingdom,K02000001,2021-03-11,5770,4247353
overview,United Kingdom,K02000001,2021-03-10,6034,4241583
overview,United Kingdom,K02000001,2021-03-09,6220,4235549
overview,United Kingdom,K02000001,2021-03-08,6638,4229329
overview,United Kingdom,K02000001,2021-03-07,4271,4222691
overview,United Kingdom,K02000001,2021-03-06,4495,4218420
overview,United Kingdom,K02000001,2021-03-05,5298,4213925
overview,United Kingdom,K02000001,2021-03-04,5718,4208627
overview,United Kingdom,K02000001,2021-03-03,5967,4202909
overview,United Kingdom,K02000001,2021-03-02,6650,4196942
overview,United Kingdom,K02000001,2021-03-01,6872,4190292
overview,United Kingdom,K02000001,2021-02-28,4709,4183420
overview,United Kingdom,K02000001,2021-02-27,4814,4178711
overview,United Kingdom,K02000001,2021-02-26,6570,4173897
overview,United Kingdom,K02000001,2021-02-25,7712,4167327
overview,United Kingdom,K02000001,2021-02-24,8536,4159615
overview,United Kingdom,K02000001,2021-02-23,9383,4151079
overview,United Kingdom,K02000001,2021-02-22,11243,4141696
overview,United Kingdom,K02000001,2021-02-21,7869,4130453
overview,United Kingdom,K02000001,2021-02-20,8051,4122584
overview,United Kingdom,K02000001,2021-02-19,10379,4114533
overview,United Kingdom,K02000001,2021-02-18,11403,4104154
overview,United Kingdom,K02000001,2021-02-17,11559,4092751
overview,United Kingdom,K02000001,2021-02-16,12477,4081192
overview,United Kingdom,K02000001,2021-02-15,14263,4068715
overview,United Kingdom,K02000001,2021-02-14,8754,4054452
overview,United Kingdom,K02000001,2021-02-13,8757,4045698
overview,United Kingdom,K02000001,2021-02-12,12153,4036941
overview,United Kingdom,K02000001,2021-02-11,12737,4024788
overview,United Kingdom,K02000001,2021-02-10,13478,4012051
overview,United Kingdom,K02000001,2021-02-09,13793,3998573
overview,United Kingdom,K02000001,2021-02-08,15693,3984780
overview,United Kingdom,K02000001,2021-02-07,11358,3969087
overview,United Kingdom,K02000001,2021-02-06,11968,3957729
overview,United Kingdom,K02000001,2021-02-05,15839,3945761
overview,United Kingdom,K02000001,2021-02-04,17950,3929922
overview,United Kingdom,K02000001,2021-02-03,19397,3911972
overview,United Kingdom,K02000001,2021-02-02,19750,3892575
overview,United Kingdom,K02000001,2021-02-01,22341,3872825
overview,United Kingdom,K02000001,2021-01-31,15371,3850484
overview,United Kingdom,K02000001,2021-01-30,16669,3835113
overview,United Kingdom,K02000001,2021-01-29,21768,3818444
overview,United Kingdom,K02000001,2021-01-28,24141,3796676
overview,United Kingdom,K02000001,2021-01-27,25670,3772535
overview,United Kingdom,K02000001,2021-01-26,26963,3746865
overview,United Kingdom,K02000001,2021-01-25,29899,3719902
overview,United Kingdom,K02000001,2021-01-24,17158,3690003
overview,United Kingdom,K02000001,2021-01-23,21823,3672845
overview,United Kingdom,K02000001,2021-01-22,29530,3651022
overview,United Kingdom,K02000001,2021-01-21,31659,3621492
overview,United Kingdom,K02000001,2021-01-20,35089,3589833
overview,United Kingdom,K02000001,2021-01-19,39463,3554744
overview,United Kingdom,K02000001,2021-01-18,44767,3515281
overview,United Kingdom,K02000001,2021-01-17,28841,3470514
overview,United Kingdom,K02000001,2021-01-16,30526,3441673
overview,United Kingdom,K02000001,2021-01-15,40401,3411147
overview,United Kingdom,K02000001,2021-01-14,42365,3370746
overview,United Kingdom,K02000001,2021-01-13,45378,3328381
overview,United Kingdom,K02000001,2021-01-12,49380,3283003
overview,United Kingdom,K02000001,2021-01-11,57093,3233623
overview,United Kingdom,K02000001,2021-01-10,36340,3176530
overview,United Kingdom,K02000001,2021-01-09,39079,3140190
overview,United Kingdom,K02000001,2021-01-08,46998,3101111
overview,United Kingdom,K02000001,2021-01-07,51931,3054113
overview,United Kingdom,K02000001,2021-01-06,57381,3002182
overview,United Kingdom,K02000001,2021-01-05,65098,2944801
overview,United Kingdom,K02000001,2021-01-04,76156,2879703
overview,United Kingdom,K02000001,2021-01-03,55178,2803547
overview,United Kingdom,K02000001,2021-01-02,60396,2748369
overview,United Kingdom,K02000001,2021-01-01,31847,2687973
overview,United Kingdom,K02000001,2020-12-31,52793,2656126
overview,United Kingdom,K02000001,2020-12-30,70794,2603333
overview,United Kingdom,K02000001,2020-12-29,81518,2532539
overview,United Kingdom,K02000001,2020-12-28,45602,2451021
overview,United Kingdom,K02000001,2020-12-27,47728,2405419
overview,United Kingdom,K02000001,2020-12-26,40373,2357691
overview,United Kingdom,K02000001,2020-12-25,14179,2317318
overview,United Kingdom,K02000001,2020-12-24,31818,2303139
overview,United Kingdom,K02000001,2020-12-23,42193,2271321
overview,United Kingdom,K02000001,2020-12-22,45664,2229128
overview,United Kingdom,K02000001,2020-12-21,47371,2183464
overview,United Kingdom,K02000001,2020-12-20,32458,2136093
overview,United Kingdom,K02000001,2020-12-19,25147,2103635
overview,United Kingdom,K02000001,2020-12-18,35829,2078488
overview,United Kingdom,K02000001,2020-12-17,33885,2042659
overview,United Kingdom,K02000001,2020-12-16,34934,2008774
overview,United Kingdom,K02000001,2020-12-15,33847,1973840
overview,United Kingdom,K02000001,2020-12-14,34726,1939993
overview,United Kingdom,K02000001,2020-12-13,21982,1905267
overview,United Kingdom,K02000001,2020-12-12,19364,1883285
overview,United Kingdom,K02000001,2020-12-11,24077,1863921
overview,United Kingdom,K02000001,2020-12-10,22619,1839844
overview,United Kingdom,K02000001,2020-12-09,21616,1817225
overview,United Kingdom,K02000001,2020-12-08,20793,1795609
overview,United Kingdom,K02000001,2020-12-07,21332,1774816
overview,United Kingdom,K02000001,2020-12-06,13581,1753484
overview,United Kingdom,K02000001,2020-12-05,12738,1739903
overview,United Kingdom,K02000001,2020-12-04,15663,1727165
overview,United Kingdom,K02000001,2020-12-03,15640,1711502
overview,United Kingdom,K02000001,2020-12-02,16469,1695862
overview,United Kingdom,K02000001,2020-12-01,16459,1679393
overview,United Kingdom,K02000001,2020-11-30,18015,1662934
overview,United Kingdom,K02000001,2020-11-29,10685,1644919
overview,United Kingdom,K02000001,2020-11-28,10963,1634234
overview,United Kingdom,K02000001,2020-11-27,14371,1623271
overview,United Kingdom,K02000001,2020-11-26,14578,1608900
overview,United Kingdom,K02000001,2020-11-25,16619,1594322
overview,United Kingdom,K02000001,2020-11-24,16455,1577703
overview,United Kingdom,K02000001,2020-11-23,18777,1561248
overview,United Kingdom,K02000001,2020-11-22,11737,1542471
overview,United Kingdom,K02000001,2020-11-21,12353,1530734
overview,United Kingdom,K02000001,2020-11-20,16850,1518381
overview,United Kingdom,K02000001,2020-11-19,17759,1501531
overview,United Kingdom,K02000001,2020-11-18,20761,1483772
overview,United Kingdom,K02000001,2020-11-17,23163,1463011
overview,United Kingdom,K02000001,2020-11-16,26580,1439848
overview,United Kingdom,K02000001,2020-11-15,16029,1413268
overview,United Kingdom,K02000001,2020-11-14,18000,1397239
overview,United Kingdom,K02000001,2020-11-13,24047,1379239
overview,United Kingdom,K02000001,2020-11-12,24469,1355192
overview,United Kingdom,K02000001,2020-11-11,27358,1330723
overview,United Kingdom,K02000001,2020-11-10,27417,1303365
overview,United Kingdom,K02000001,2020-11-09,31049,1275948
overview,United Kingdom,K02000001,2020-11-08,19956,1244899
overview,United Kingdom,K02000001,2020-11-07,18531,1224943
overview,United Kingdom,K02000001,2020-11-06,23335,1206412
overview,United Kingdom,K02000001,2020-11-05,23753,1183077
overview,United Kingdom,K02000001,2020-11-04,23682,1159324
overview,United Kingdom,K02000001,2020-11-03,25588,1135642
overview,United Kingdom,K02000001,2020-11-02,31510,1110054
overview,United Kingdom,K02000001,2020-11-01,15754,1078544
overview,United Kingdom,K02000001,2020-10-31,16487,1062790
overview,United Kingdom,K02000001,2020-10-30,22674,1046303
overview,United Kingdom,K02000001,2020-10-29,23350,1023629
overview,United Kingdom,K02000001,2020-10-28,23612,1000279
overview,United Kingdom,K02000001,2020-10-27,24101,976667
overview,United Kingdom,K02000001,2020-10-26,26547,952566
overview,United Kingdom,K02000001,2020-10-25,15727,926019
overview,United Kingdom,K02000001,2020-10-24,16242,910292
overview,United Kingdom,K02000001,2020-10-23,21471,894050
overview,United Kingdom,K02000001,2020-10-22,23252,872579
overview,United Kingdom,K02000001,2020-10-21,25446,849327
overview,United Kingdom,K02000001,2020-10-20,25324,823881
overview,United Kingdom,K02000001,2020-10-19,25615,798557
overview,United Kingdom,K02000001,2020-10-18,14191,772942
overview,United Kingdom,K02000001,2020-10-17,14764,758751
overview,United Kingdom,K02000001,2020-10-16,17725,743987
overview,United Kingdom,K02000001,2020-10-15,18435,726262
overview,United Kingdom,K02000001,2020-10-14,19710,707827
overview,United Kingdom,K02000001,2020-10-13,18890,688117
overview,United Kingdom,K02000001,2020-10-12,19447,669227
overview,United Kingdom,K02000001,2020-10-11,12071,649780
overview,United Kingdom,K02000001,2020-10-10,12516,637709
overview,United Kingdom,K02000001,2020-10-09,15730,625193
overview,United Kingdom,K02000001,2020-10-08,18242,609463
overview,United Kingdom,K02000001,2020-10-07,18328,591221
overview,United Kingdom,K02000001,2020-10-06,17063,572893
overview,United Kingdom,K02000001,2020-10-05,16548,555830
overview,United Kingdom,K02000001,2020-10-04,11803,539282
overview,United Kingdom,K02000001,2020-10-03,11542,527479
overview,United Kingdom,K02000001,2020-10-02,13692,515937
overview,United Kingdom,K02000001,2020-10-01,13187,502245
overview,United Kingdom,K02000001,2020-09-30,12555,489058
overview,United Kingdom,K02000001,2020-09-29,10233,476503
overview,United Kingdom,K02000001,2020-09-28,9926,466270
overview,United Kingdom,K02000001,2020-09-27,6972,456344
overview,United Kingdom,K02000001,2020-09-26,6754,449372
overview,United Kingdom,K02000001,2020-09-25,7246,442618
overview,United Kingdom,K02000001,2020-09-24,7606,435372
overview,United Kingdom,K02000001,2020-09-23,7058,427766
overview,United Kingdom,K02000001,2020-09-22,6403,420708
overview,United Kingdom,K02000001,2020-09-21,5600,414305
overview,United Kingdom,K02000001,2020-09-20,5319,408705
overview,United Kingdom,K02000001,2020-09-19,4856,403386
overview,United Kingdom,K02000001,2020-09-18,4958,398530
overview,United Kingdom,K02000001,2020-09-17,4630,393572
overview,United Kingdom,K02000001,2020-09-16,4358,388942
overview,United Kingdom,K02000001,2020-09-15,3550,384584
overview,United Kingdom,K02000001,2020-09-14,3393,381034
overview,United Kingdom,K02000001,2020-09-13,2141,377641
overview,United Kingdom,K02000001,2020-09-12,2665,375500
overview,United Kingdom,K02000001,2020-09-11,3290,372835
overview,United Kingdom,K02000001,2020-09-10,3597,369545
overview,United Kingdom,K02000001,2020-09-09,3332,365948
overview,United Kingdom,K02000001,2020-09-08,3301,362616
overview,United Kingdom,K02000001,2020-09-07,3861,359315
overview,United Kingdom,K02000001,2020-09-06,2443,355454
overview,United Kingdom,K02000001,2020-09-05,2544,353011
overview,United Kingdom,K02000001,2020-09-04,3039,350467
overview,United Kingdom,K02000001,2020-09-03,3098,347428
overview,United Kingdom,K02000001,2020-09-02,2992,344330
overview,United Kingdom,K02000001,2020-09-01,2249,341338
overview,United Kingdom,K02000001,2020-08-31,1502,339089
overview,United Kingdom,K02000001,2020-08-30,1159,337587
overview,United Kingdom,K02000001,2020-08-29,1221,336428
overview,United Kingdom,K02000001,2020-08-28,1625,335207
overview,United Kingdom,K02000001,2020-08-27,1550,333582
overview,United Kingdom,K02000001,2020-08-26,1350,332032
overview,United Kingdom,K02000001,2020-08-25,1248,330682
overview,United Kingdom,K02000001,2020-08-24,1272,329434
overview,United Kingdom,K02000001,2020-08-23,825,328162
overview,United Kingdom,K02000001,2020-08-22,828,327337
overview,United Kingdom,K02000001,2020-08-21,1199,326509
overview,United Kingdom,K02000001,2020-08-20,1461,325310
overview,United Kingdom,K02000001,2020-08-19,1242,323849
overview,United Kingdom,K02000001,2020-08-18,1084,322607
overview,United Kingdom,K02000001,2020-08-17,1283,321523
overview,United Kingdom,K02000001,2020-08-16,601,320240
overview,United Kingdom,K02000001,2020-08-15,695,319639
overview,United Kingdom,K02000001,2020-08-14,1162,318944
overview,United Kingdom,K02000001,2020-08-13,1147,317782
overview,United Kingdom,K02000001,2020-08-12,1207,316635
overview,United Kingdom,K02000001,2020-08-11,1339,315428
overview,United Kingdom,K02000001,2020-08-10,1473,314089
overview,United Kingdom,K02000001,2020-08-09,614,312616
overview,United Kingdom,K02000001,2020-08-08,695,312002
overview,United Kingdom,K02000001,2020-08-07,944,311307
overview,United Kingdom,K02000001,2020-08-06,1083,310363
overview,United Kingdom,K02000001,2020-08-05,1060,309280
overview,United Kingdom,K02000001,2020-08-04,1019,308220
overview,United Kingdom,K02000001,2020-08-03,1040,307201
overview,United Kingdom,K02000001,2020-08-02,554,306161
overview,United Kingdom,K02000001,2020-08-01,543,305607
overview,United Kingdom,K02000001,2020-07-31,676,305064
overview,United Kingdom,K02000001,2020-07-30,925,304388
overview,United Kingdom,K02000001,2020-07-29,1038,303463
overview,United Kingdom,K02000001,2020-07-28,841,302425
overview,United Kingdom,K02000001,2020-07-27,855,301584
overview,United Kingdom,K02000001,2020-07-26,558,300729
overview,United Kingdom,K02000001,2020-07-25,524,300171
overview,United Kingdom,K02000001,2020-07-24,774,299647
overview,United Kingdom,K02000001,2020-07-23,796,298873
overview,United Kingdom,K02000001,2020-07-22,798,298077
overview,United Kingdom,K02000001,2020-07-21,781,297279
overview,United Kingdom,K02000001,2020-07-20,812,296498
overview,United Kingdom,K02000001,2020-07-19,443,295686
overview,United Kingdom,K02000001,2020-07-18,498,295243
overview,United Kingdom,K02000001,2020-07-17,581,294745
overview,United Kingdom,K02000001,2020-07-16,706,294164
overview,United Kingdom,K02000001,2020-07-15,773,293458
overview,United Kingdom,K02000001,2020-07-14,690,292685
overview,United Kingdom,K02000001,2020-07-13,734,291995
overview,United Kingdom,K02000001,2020-07-12,370,291261
overview,United Kingdom,K02000001,2020-07-11,447,290891
overview,United Kingdom,K02000001,2020-07-10,565,290444
overview,United Kingdom,K02000001,2020-07-09,717,289879
overview,United Kingdom,K02000001,2020-07-08,702,289162
overview,United Kingdom,K02000001,2020-07-07,604,288460
overview,United Kingdom,K02000001,2020-07-06,706,287856
overview,United Kingdom,K02000001,2020-07-05,556,287150
overview,United Kingdom,K02000001,2020-07-04,401,286594
overview,United Kingdom,K02000001,2020-07-03,573,286193
overview,United Kingdom,K02000001,2020-07-02,608,285620
overview,United Kingdom,K02000001,2020-07-01,657,285012
overview,United Kingdom,K02000001,2020-06-30,618,284355
overview,United Kingdom,K02000001,2020-06-29,728,283737
overview,United Kingdom,K02000001,2020-06-28,446,283009
overview,United Kingdom,K02000001,2020-06-27,652,282563
overview,United Kingdom,K02000001,2020-06-26,670,281911
overview,United Kingdom,K02000001,2020-06-25,718,281241
overview,United Kingdom,K02000001,2020-06-24,774,280523
overview,United Kingdom,K02000001,2020-06-23,889,279749
overview,United Kingdom,K02000001,2020-06-22,896,278860
overview,United Kingdom,K02000001,2020-06-21,637,277964
overview,United Kingdom,K02000001,2020-06-20,686,277327
overview,United Kingdom,K02000001,2020-06-19,993,276641
overview,United Kingdom,K02000001,2020-06-18,1026,275648
overview,United Kingdom,K02000001,2020-06-17,1012,274622
overview,United Kingdom,K02000001,2020-06-16,1103,273610
overview,United Kingdom,K02000001,2020-06-15,1043,272507
overview,United Kingdom,K02000001,2020-06-14,818,271464
overview,United Kingdom,K02000001,2020-06-13,893,270646
overview,United Kingdom,K02000001,2020-06-12,1057,269753
overview,United Kingdom,K02000001,2020-06-11,1009,268696
overview,United Kingdom,K02000001,2020-06-10,1190,267687
overview,United Kingdom,K02000001,2020-06-09,1154,266497
overview,United Kingdom,K02000001,2020-06-08,1096,265343
overview,United Kingdom,K02000001,2020-06-07,720,264247
overview,United Kingdom,K02000001,2020-06-06,808,263527
overview,United Kingdom,K02000001,2020-06-05,1125,262719
overview,United Kingdom,K02000001,2020-06-04,1250,261594
overview,United Kingdom,K02000001,2020-06-03,1360,260344
overview,United Kingdom,K02000001,2020-06-02,1487,258984
overview,United Kingdom,K02000001,2020-06-01,1442,257497
overview,United Kingdom,K02000001,2020-05-31,1082,256055
overview,United Kingdom,K02000001,2020-05-30,1121,254973
overview,United Kingdom,K02000001,2020-05-29,1527,253852
overview,United Kingdom,K02000001,2020-05-28,1755,252325
overview,United Kingdom,K02000001,2020-05-27,1825,250570
overview,United Kingdom,K02000001,2020-05-26,1657,248745
overview,United Kingdom,K02000001,2020-05-25,1617,247088
overview,United Kingdom,K02000001,2020-05-24,1366,245471
overview,United Kingdom,K02000001,2020-05-23,1528,244105
overview,United Kingdom,K02000001,2020-05-22,2053,242577
overview,United Kingdom,K02000001,2020-05-21,2565,240524
overview,United Kingdom,K02000001,2020-05-20,2703,237959
overview,United Kingdom,K02000001,2020-05-19,3050,235256
overview,United Kingdom,K02000001,2020-05-18,2574,232206
overview,United Kingdom,K02000001,2020-05-17,1834,229632
overview,United Kingdom,K02000001,2020-05-16,2077,227798
overview,United Kingdom,K02000001,2020-05-15,2528,225721
overview,United Kingdom,K02000001,2020-05-14,2626,223193
overview,United Kingdom,K02000001,2020-05-13,3309,220567
overview,United Kingdom,K02000001,2020-05-12,3391,217258
overview,United Kingdom,K02000001,2020-05-11,3571,213867
overview,United Kingdom,K02000001,2020-05-10,2320,210296
overview,United Kingdom,K02000001,2020-05-09,2161,207976
overview,United Kingdom,K02000001,2020-05-08,3059,205815
overview,United Kingdom,K02000001,2020-05-07,3767,202756
overview,United Kingdom,K02000001,2020-05-06,3817,198989
overview,United Kingdom,K02000001,2020-05-05,3673,195172
overview,United Kingdom,K02000001,2020-05-04,3386,191499
overview,United Kingdom,K02000001,2020-05-03,2977,188113
overview,United Kingdom,K02000001,2020-05-02,3225,185136
overview,United Kingdom,K02000001,2020-05-01,4726,181911
overview,United Kingdom,K02000001,2020-04-30,4957,177185
overview,United Kingdom,K02000001,2020-04-29,5424,172228
overview,United Kingdom,K02000001,2020-04-28,4712,166804
overview,United Kingdom,K02000001,2020-04-27,4701,162092
overview,United Kingdom,K02000001,2020-04-26,3471,157391
overview,United Kingdom,K02000001,2020-04-25,3745,153920
overview,United Kingdom,K02000001,2020-04-24,4947,150175
overview,United Kingdom,K02000001,2020-04-23,5140,145228
overview,United Kingdom,K02000001,2020-04-22,5486,140088
overview,United Kingdom,K02000001,2020-04-21,4767,134602
overview,United Kingdom,K02000001,2020-04-20,4850,129835
overview,United Kingdom,K02000001,2020-04-19,3852,124985
overview,United Kingdom,K02000001,2020-04-18,4703,121133
overview,United Kingdom,K02000001,2020-04-17,4938,116430
overview,United Kingdom,K02000001,2020-04-16,5272,111492
overview,United Kingdom,K02000001,2020-04-15,5044,106220
overview,United Kingdom,K02000001,2020-04-14,4299,101176
overview,United Kingdom,K02000001,2020-04-13,4169,96877
overview,United Kingdom,K02000001,2020-04-12,3482,92708
overview,United Kingdom,K02000001,2020-04-11,3560,89226
overview,United Kingdom,K02000001,2020-04-10,4307,85666
overview,United Kingdom,K02000001,2020-04-09,4854,81359
overview,United Kingdom,K02000001,2020-04-08,5115,76505
overview,United Kingdom,K02000001,2020-04-07,5433,71390
overview,United Kingdom,K02000001,2020-04-06,5265,65957
overview,United Kingdom,K02000001,2020-04-05,3583,60692
overview,United Kingdom,K02000001,2020-04-04,4003,57109
overview,United Kingdom,K02000001,2020-04-03,4894,53106
overview,United Kingdom,K02000001,2020-04-02,4852,48212
overview,United Kingdom,K02000001,2020-04-01,4938,43360
overview,United Kingdom,K02000001,2020-03-31,4517,38422
overview,United Kingdom,K02000001,2020-03-30,4264,33905
overview,United Kingdom,K02000001,2020-03-29,2855,29641
overview,United Kingdom,K02000001,2020-03-28,2816,26786
overview,United Kingdom,K02000001,2020-03-27,3186,23970
overview,United Kingdom,K02000001,2020-03-26,3086,20784
overview,United Kingdom,K02000001,2020-03-25,2688,17698
overview,United Kingdom,K02000001,2020-03-24,2375,15010
overview,United Kingdom,K02000001,2020-03-23,2324,12635
overview,United Kingdom,K02000001,2020-03-22,1375,10311
overview,United Kingdom,K02000001,2020-03-21,1190,8936
overview,United Kingdom,K02000001,2020-03-20,1260,7746
overview,United Kingdom,K02000001,2020-03-19,1050,6486
overview,United Kingdom,K02000001,2020-03-18,998,5436
overview,United Kingdom,K02000001,2020-03-17,769,4438
overview,United Kingdom,K02000001,2020-03-16,611,3669
overview,United Kingdom,K02000001,2020-03-15,442,3058
overview,United Kingdom,K02000001,2020-03-14,363,2616
overview,United Kingdom,K02000001,2020-03-13,479,2253
overview,United Kingdom,K02000001,2020-03-12,481,1774
overview,United Kingdom,K02000001,2020-03-11,405,1293
overview,United Kingdom,K02000001,2020-03-10,265,888
overview,United Kingdom,K02000001,2020-03-09,147,623
overview,United Kingdom,K02000001,2020-03-08,57,476
overview,United Kingdom,K02000001,2020-03-07,68,419
overview,United Kingdom,K02000001,2020-03-06,81,351
overview,United Kingdom,K02000001,2020-03-05,50,270
overview,United Kingdom,K02000001,2020-03-04,56,220
overview,United Kingdom,K02000001,2020-03-03,56,164
overview,United Kingdom,K02000001,2020-03-02,39,108
overview,United Kingdom,K02000001,2020-03-01,22,69
overview,United Kingdom,K02000001,2020-02-29,5,47
overview,United Kingdom,K02000001,2020-02-28,12,42
overview,United Kingdom,K02000001,2020-02-27,8,30
overview,United Kingdom,K02000001,2020-02-26,4,22
overview,United Kingdom,K02000001,2020-02-25,5,18
overview,United Kingdom,K02000001,2020-02-24,2,13
overview,United Kingdom,K02000001,2020-02-23,1,11
overview,United Kingdom,K02000001,2020-02-22,0,10
overview,United Kingdom,K02000001,2020-02-21,1,10
overview,United Kingdom,K02000001,2020-02-20,0,9
overview,United Kingdom,K02000001,2020-02-19,0,9
overview,United Kingdom,K02000001,2020-02-18,0,9
overview,United Kingdom,K02000001,2020-02-17,0,9
overview,United Kingdom,K02000001,2020-02-16,0,9
overview,United Kingdom,K02000001,2020-02-15,0,9
overview,United Kingdom,K02000001,2020-02-14,0,9
overview,United Kingdom,K02000001,2020-02-13,0,9
overview,United Kingdom,K02000001,2020-02-12,0,9
overview,United Kingdom,K02000001,2020-02-11,1,9
overview,United Kingdom,K02000001,2020-02-10,0,8
overview,United Kingdom,K02000001,2020-02-09,1,8
overview,United Kingdom,K02000001,2020-02-08,4,7
overview,United Kingdom,K02000001,2020-02-07,0,3
overview,United Kingdom,K02000001,2020-02-06,0,3
overview,United Kingdom,K02000001,2020-02-05,1,3
overview,United Kingdom,K02000001,2020-02-04,0,2
overview,United Kingdom,K02000001,2020-02-03,0,2
overview,United Kingdom,K02000001,2020-02-02,0,2
overview,United Kingdom,K02000001,2020-02-01,0,2
overview,United Kingdom,K02000001,2020-01-31,0,2
overview,United Kingdom,K02000001,2020-01-30,2,2
